{
  "bm25": {
    "recall@5": 0.14666666666666667,
    "recall@10": 0.15666666666666665,
    "recall@20": 0.16,
    "mrr": 0.8318975468975469
  },
  "faiss": {
    "recall@5": 0.056666666666666664,
    "recall@10": 0.05999999999999999,
    "recall@20": 0.07333333333333333,
    "mrr": 0.3009692982456141
  },
  "hybrid": {
    "recall@5": 0.12666666666666665,
    "recall@10": 0.14666666666666667,
    "recall@20": 0.15666666666666665,
    "mrr": 0.6751839826839827
  }
}