{
  "textrank": {
    "rouge1_f1_mean": 0.4229773917056447,
    "rouge1_f1_std": 0.23287155457242217,
    "rouge2_f1_mean": 0.27525798772564997,
    "rouge2_f1_std": 0.29158269630865796,
    "rougeL_f1_mean": 0.3416029004562953,
    "rougeL_f1_std": 0.25274409909267254,
    "n_samples": 99
  },
  "bart": {
    "rouge1_f1_mean": 0.5147540701364508,
    "rouge2_f1_mean": 0.40605758351557836,
    "rougeL_f1_mean": 0.4703412308328448,
    "n_samples": 19
  }
}