{
  "bm25": {
    "recall@5": 0.1666666666666667,
    "recall@10": 0.1666666666666667
  },
  "faiss": {
    "recall@5": 0.05555555555555556,
    "recall@10": 0.05555555555555556
  },
  "hybrid": {
    "recall@5": 0.08333333333333331,
    "recall@10": 0.08888888888888886
  }
}